diff_R_minus_NR,program_key,program_label,iter
-0.07411320234918464,exhaustion,exhaustion,0
-0.07427079022724516,exhaustion,exhaustion,1
-0.08347666802509693,exhaustion,exhaustion,2
-0.06665177659311573,exhaustion,exhaustion,3
-0.07411320234918464,exhaustion,exhaustion,4
-0.07506888689477921,exhaustion,exhaustion,5
-0.06828951372341927,exhaustion,exhaustion,6
-0.06828951372341927,exhaustion,exhaustion,7
-0.08195437275580733,exhaustion,exhaustion,8
-0.06665177659311573,exhaustion,exhaustion,9
-0.07792865659161972,exhaustion,exhaustion,10
-0.07448048308417625,exhaustion,exhaustion,11
-0.07792865659161972,exhaustion,exhaustion,12
-0.07792865659161972,exhaustion,exhaustion,13
-0.05949451115216918,exhaustion,exhaustion,14
-0.06665177659311573,exhaustion,exhaustion,15
-0.06665177659311573,exhaustion,exhaustion,16
-0.07411320234918464,exhaustion,exhaustion,17
-0.06828951372341927,exhaustion,exhaustion,18
-0.07411320234918464,exhaustion,exhaustion,19
-0.06181979198036369,exhaustion,exhaustion,20
-0.07255385660961779,exhaustion,exhaustion,21
-0.07411320234918464,exhaustion,exhaustion,22
-0.08347666802509693,exhaustion,exhaustion,23
-0.07411320234918464,exhaustion,exhaustion,24
-0.0709042817382298,exhaustion,exhaustion,25
-0.06828951372341927,exhaustion,exhaustion,26
-0.07792865659161972,exhaustion,exhaustion,27
-0.07081911504870443,exhaustion,exhaustion,28
-0.08347666802509693,exhaustion,exhaustion,29
-0.07448048308417625,exhaustion,exhaustion,30
-0.07081911504870443,exhaustion,exhaustion,31
-0.06181979198036369,exhaustion,exhaustion,32
-0.0709042817382298,exhaustion,exhaustion,33
-0.06828951372341927,exhaustion,exhaustion,34
-0.07411320234918464,exhaustion,exhaustion,35
-0.07427079022724516,exhaustion,exhaustion,36
-0.07411320234918464,exhaustion,exhaustion,37
-0.08347666802509693,exhaustion,exhaustion,38
-0.07255385660961779,exhaustion,exhaustion,39
-0.07411320234918464,exhaustion,exhaustion,40
-0.06181979198036369,exhaustion,exhaustion,41
-0.07411320234918464,exhaustion,exhaustion,42
-0.07081911504870443,exhaustion,exhaustion,43
-0.07081911504870443,exhaustion,exhaustion,44
-0.07506888689477921,exhaustion,exhaustion,45
-0.07792865659161972,exhaustion,exhaustion,46
-0.06828951372341927,exhaustion,exhaustion,47
-0.0709042817382298,exhaustion,exhaustion,48
-0.06665177659311573,exhaustion,exhaustion,49
-0.0709042817382298,exhaustion,exhaustion,50
-0.07448048308417625,exhaustion,exhaustion,51
-0.06665177659311573,exhaustion,exhaustion,52
-0.07448048308417625,exhaustion,exhaustion,53
-0.06665177659311573,exhaustion,exhaustion,54
-0.06665177659311573,exhaustion,exhaustion,55
-0.07427079022724516,exhaustion,exhaustion,56
-0.06828951372341927,exhaustion,exhaustion,57
-0.07506888689477921,exhaustion,exhaustion,58
-0.07255385660961779,exhaustion,exhaustion,59
-0.08619179697183439,exhaustion,exhaustion,60
-0.07411320234918464,exhaustion,exhaustion,61
-0.08619179697183439,exhaustion,exhaustion,62
-0.08619179697183439,exhaustion,exhaustion,63
-0.07792865659161972,exhaustion,exhaustion,64
-0.07081911504870443,exhaustion,exhaustion,65
-0.07411320234918464,exhaustion,exhaustion,66
-0.06665177659311573,exhaustion,exhaustion,67
-0.07506888689477921,exhaustion,exhaustion,68
-0.06828951372341927,exhaustion,exhaustion,69
-0.06828951372341927,exhaustion,exhaustion,70
-0.08195437275580733,exhaustion,exhaustion,71
-0.06665177659311573,exhaustion,exhaustion,72
-0.07411320234918464,exhaustion,exhaustion,73
-0.06181979198036369,exhaustion,exhaustion,74
-0.07448048308417625,exhaustion,exhaustion,75
-0.06665177659311573,exhaustion,exhaustion,76
-0.06181979198036369,exhaustion,exhaustion,77
-0.07255385660961779,exhaustion,exhaustion,78
-0.0709042817382298,exhaustion,exhaustion,79
-0.05949451115216918,exhaustion,exhaustion,80
-0.07411320234918464,exhaustion,exhaustion,81
-0.05949451115216918,exhaustion,exhaustion,82
-0.07792865659161972,exhaustion,exhaustion,83
-0.08619179697183439,exhaustion,exhaustion,84
-0.06181979198036369,exhaustion,exhaustion,85
-0.06181979198036369,exhaustion,exhaustion,86
-0.05949451115216918,exhaustion,exhaustion,87
-0.07448048308417625,exhaustion,exhaustion,88
-0.07081911504870443,exhaustion,exhaustion,89
-0.06181979198036369,exhaustion,exhaustion,90
-0.08347666802509693,exhaustion,exhaustion,91
-0.08619179697183439,exhaustion,exhaustion,92
-0.06828951372341927,exhaustion,exhaustion,93
-0.07427079022724516,exhaustion,exhaustion,94
-0.08347666802509693,exhaustion,exhaustion,95
-0.07448048308417625,exhaustion,exhaustion,96
-0.07081911504870443,exhaustion,exhaustion,97
-0.0709042817382298,exhaustion,exhaustion,98
-0.07411320234918464,exhaustion,exhaustion,99
-0.07448048308417625,exhaustion,exhaustion,100
-0.07255385660961779,exhaustion,exhaustion,101
-0.08619179697183439,exhaustion,exhaustion,102
-0.07411320234918464,exhaustion,exhaustion,103
-0.06828951372341927,exhaustion,exhaustion,104
-0.06665177659311573,exhaustion,exhaustion,105
-0.08195437275580733,exhaustion,exhaustion,106
-0.06828951372341927,exhaustion,exhaustion,107
-0.08619179697183439,exhaustion,exhaustion,108
-0.07255385660961779,exhaustion,exhaustion,109
-0.08619179697183439,exhaustion,exhaustion,110
-0.07427079022724516,exhaustion,exhaustion,111
-0.07427079022724516,exhaustion,exhaustion,112
-0.06665177659311573,exhaustion,exhaustion,113
-0.07081911504870443,exhaustion,exhaustion,114
-0.07411320234918464,exhaustion,exhaustion,115
-0.07081911504870443,exhaustion,exhaustion,116
-0.07081911504870443,exhaustion,exhaustion,117
-0.05949451115216918,exhaustion,exhaustion,118
-0.08347666802509693,exhaustion,exhaustion,119
-0.06665177659311573,exhaustion,exhaustion,120
-0.05949451115216918,exhaustion,exhaustion,121
-0.07411320234918464,exhaustion,exhaustion,122
-0.07427079022724516,exhaustion,exhaustion,123
-0.08195437275580733,exhaustion,exhaustion,124
-0.07411320234918464,exhaustion,exhaustion,125
-0.08195437275580733,exhaustion,exhaustion,126
-0.08619179697183439,exhaustion,exhaustion,127
-0.08195437275580733,exhaustion,exhaustion,128
-0.06828951372341927,exhaustion,exhaustion,129
-0.08347666802509693,exhaustion,exhaustion,130
-0.07255385660961779,exhaustion,exhaustion,131
-0.08619179697183439,exhaustion,exhaustion,132
-0.07255385660961779,exhaustion,exhaustion,133
-0.07081911504870443,exhaustion,exhaustion,134
-0.07427079022724516,exhaustion,exhaustion,135
-0.06665177659311573,exhaustion,exhaustion,136
-0.07448048308417625,exhaustion,exhaustion,137
-0.07411320234918464,exhaustion,exhaustion,138
-0.06828951372341927,exhaustion,exhaustion,139
-0.0709042817382298,exhaustion,exhaustion,140
-0.08619179697183439,exhaustion,exhaustion,141
-0.05949451115216918,exhaustion,exhaustion,142
-0.07448048308417625,exhaustion,exhaustion,143
-0.07427079022724516,exhaustion,exhaustion,144
-0.07506888689477921,exhaustion,exhaustion,145
-0.07411320234918464,exhaustion,exhaustion,146
-0.0709042817382298,exhaustion,exhaustion,147
-0.06665177659311573,exhaustion,exhaustion,148
-0.07411320234918464,exhaustion,exhaustion,149
-0.07792865659161972,exhaustion,exhaustion,150
-0.07792865659161972,exhaustion,exhaustion,151
-0.0709042817382298,exhaustion,exhaustion,152
-0.07081911504870443,exhaustion,exhaustion,153
-0.07506888689477921,exhaustion,exhaustion,154
-0.07255385660961779,exhaustion,exhaustion,155
-0.06828951372341927,exhaustion,exhaustion,156
-0.0709042817382298,exhaustion,exhaustion,157
-0.07411320234918464,exhaustion,exhaustion,158
-0.08195437275580733,exhaustion,exhaustion,159
-0.08195437275580733,exhaustion,exhaustion,160
-0.06828951372341927,exhaustion,exhaustion,161
-0.06828951372341927,exhaustion,exhaustion,162
-0.07506888689477921,exhaustion,exhaustion,163
-0.06181979198036369,exhaustion,exhaustion,164
-0.08347666802509693,exhaustion,exhaustion,165
-0.06181979198036369,exhaustion,exhaustion,166
-0.07081911504870443,exhaustion,exhaustion,167
-0.08347666802509693,exhaustion,exhaustion,168
-0.0709042817382298,exhaustion,exhaustion,169
-0.08347666802509693,exhaustion,exhaustion,170
-0.06665177659311573,exhaustion,exhaustion,171
-0.06181979198036369,exhaustion,exhaustion,172
-0.05949451115216918,exhaustion,exhaustion,173
-0.07411320234918464,exhaustion,exhaustion,174
-0.07448048308417625,exhaustion,exhaustion,175
-0.07427079022724516,exhaustion,exhaustion,176
-0.07427079022724516,exhaustion,exhaustion,177
-0.07427079022724516,exhaustion,exhaustion,178
-0.08195437275580733,exhaustion,exhaustion,179
-0.06181979198036369,exhaustion,exhaustion,180
-0.06665177659311573,exhaustion,exhaustion,181
-0.08195437275580733,exhaustion,exhaustion,182
-0.06181979198036369,exhaustion,exhaustion,183
-0.07411320234918464,exhaustion,exhaustion,184
-0.07506888689477921,exhaustion,exhaustion,185
-0.07411320234918464,exhaustion,exhaustion,186
-0.08347666802509693,exhaustion,exhaustion,187
-0.07081911504870443,exhaustion,exhaustion,188
-0.08347666802509693,exhaustion,exhaustion,189
-0.06181979198036369,exhaustion,exhaustion,190
-0.07411320234918464,exhaustion,exhaustion,191
-0.07255385660961779,exhaustion,exhaustion,192
-0.07448048308417625,exhaustion,exhaustion,193
-0.07255385660961779,exhaustion,exhaustion,194
-0.05949451115216918,exhaustion,exhaustion,195
-0.08347666802509693,exhaustion,exhaustion,196
-0.07411320234918464,exhaustion,exhaustion,197
-0.05949451115216918,exhaustion,exhaustion,198
-0.07506888689477921,exhaustion,exhaustion,199
-0.05949451115216918,exhaustion,exhaustion,200
-0.0709042817382298,exhaustion,exhaustion,201
-0.06665177659311573,exhaustion,exhaustion,202
-0.08195437275580733,exhaustion,exhaustion,203
-0.08195437275580733,exhaustion,exhaustion,204
-0.07411320234918464,exhaustion,exhaustion,205
-0.08195437275580733,exhaustion,exhaustion,206
-0.08347666802509693,exhaustion,exhaustion,207
-0.06828951372341927,exhaustion,exhaustion,208
-0.07792865659161972,exhaustion,exhaustion,209
-0.07411320234918464,exhaustion,exhaustion,210
-0.06665177659311573,exhaustion,exhaustion,211
-0.0709042817382298,exhaustion,exhaustion,212
-0.06828951372341927,exhaustion,exhaustion,213
-0.07427079022724516,exhaustion,exhaustion,214
-0.05949451115216918,exhaustion,exhaustion,215
-0.07411320234918464,exhaustion,exhaustion,216
-0.06828951372341927,exhaustion,exhaustion,217
-0.07411320234918464,exhaustion,exhaustion,218
-0.06828951372341927,exhaustion,exhaustion,219
-0.07255385660961779,exhaustion,exhaustion,220
-0.06181979198036369,exhaustion,exhaustion,221
-0.06828951372341927,exhaustion,exhaustion,222
-0.06828951372341927,exhaustion,exhaustion,223
-0.07506888689477921,exhaustion,exhaustion,224
-0.07448048308417625,exhaustion,exhaustion,225
-0.08195437275580733,exhaustion,exhaustion,226
-0.07427079022724516,exhaustion,exhaustion,227
-0.07255385660961779,exhaustion,exhaustion,228
-0.08195437275580733,exhaustion,exhaustion,229
-0.08347666802509693,exhaustion,exhaustion,230
-0.07255385660961779,exhaustion,exhaustion,231
-0.07255385660961779,exhaustion,exhaustion,232
-0.08619179697183439,exhaustion,exhaustion,233
-0.08347666802509693,exhaustion,exhaustion,234
-0.08195437275580733,exhaustion,exhaustion,235
-0.06828951372341927,exhaustion,exhaustion,236
-0.07792865659161972,exhaustion,exhaustion,237
-0.07255385660961779,exhaustion,exhaustion,238
-0.08347666802509693,exhaustion,exhaustion,239
-0.07427079022724516,exhaustion,exhaustion,240
-0.06181979198036369,exhaustion,exhaustion,241
-0.06665177659311573,exhaustion,exhaustion,242
-0.08619179697183439,exhaustion,exhaustion,243
-0.0709042817382298,exhaustion,exhaustion,244
-0.08619179697183439,exhaustion,exhaustion,245
-0.08347666802509693,exhaustion,exhaustion,246
-0.07506888689477921,exhaustion,exhaustion,247
-0.07255385660961779,exhaustion,exhaustion,248
-0.07081911504870443,exhaustion,exhaustion,249
-0.07427079022724516,exhaustion,exhaustion,250
-0.0709042817382298,exhaustion,exhaustion,251
-0.08619179697183439,exhaustion,exhaustion,252
-0.05949451115216918,exhaustion,exhaustion,253
-0.07792865659161972,exhaustion,exhaustion,254
-0.07411320234918464,exhaustion,exhaustion,255
-0.06665177659311573,exhaustion,exhaustion,256
-0.07427079022724516,exhaustion,exhaustion,257
-0.07506888689477921,exhaustion,exhaustion,258
-0.07427079022724516,exhaustion,exhaustion,259
-0.07427079022724516,exhaustion,exhaustion,260
-0.07506888689477921,exhaustion,exhaustion,261
-0.07255385660961779,exhaustion,exhaustion,262
-0.07506888689477921,exhaustion,exhaustion,263
-0.07506888689477921,exhaustion,exhaustion,264
-0.06665177659311573,exhaustion,exhaustion,265
-0.07427079022724516,exhaustion,exhaustion,266
-0.07792865659161972,exhaustion,exhaustion,267
-0.06665177659311573,exhaustion,exhaustion,268
-0.07448048308417625,exhaustion,exhaustion,269
-0.08195437275580733,exhaustion,exhaustion,270
-0.06181979198036369,exhaustion,exhaustion,271
-0.08347666802509693,exhaustion,exhaustion,272
-0.06828951372341927,exhaustion,exhaustion,273
-0.07081911504870443,exhaustion,exhaustion,274
-0.0709042817382298,exhaustion,exhaustion,275
-0.08619179697183439,exhaustion,exhaustion,276
-0.08619179697183439,exhaustion,exhaustion,277
-0.08347666802509693,exhaustion,exhaustion,278
-0.07255385660961779,exhaustion,exhaustion,279
-0.06665177659311573,exhaustion,exhaustion,280
-0.07792865659161972,exhaustion,exhaustion,281
-0.07255385660961779,exhaustion,exhaustion,282
-0.05949451115216918,exhaustion,exhaustion,283
-0.07411320234918464,exhaustion,exhaustion,284
-0.07411320234918464,exhaustion,exhaustion,285
-0.08619179697183439,exhaustion,exhaustion,286
-0.08195437275580733,exhaustion,exhaustion,287
-0.07792865659161972,exhaustion,exhaustion,288
-0.07506888689477921,exhaustion,exhaustion,289
-0.06665177659311573,exhaustion,exhaustion,290
-0.05949451115216918,exhaustion,exhaustion,291
-0.06828951372341927,exhaustion,exhaustion,292
-0.07081911504870443,exhaustion,exhaustion,293
-0.06181979198036369,exhaustion,exhaustion,294
-0.08619179697183439,exhaustion,exhaustion,295
-0.0709042817382298,exhaustion,exhaustion,296
-0.08347666802509693,exhaustion,exhaustion,297
-0.06181979198036369,exhaustion,exhaustion,298
-0.06665177659311573,exhaustion,exhaustion,299
-0.04791787023348933,cytotoxic,cytotoxic,0
-0.05687212243669371,cytotoxic,cytotoxic,1
-0.0948295961224673,cytotoxic,cytotoxic,2
-0.08178522780949149,cytotoxic,cytotoxic,3
-0.06715193265560733,cytotoxic,cytotoxic,4
-0.09152263599748355,cytotoxic,cytotoxic,5
-0.09152263599748355,cytotoxic,cytotoxic,6
-0.09026467215440602,cytotoxic,cytotoxic,7
-0.05687212243669371,cytotoxic,cytotoxic,8
-0.0948295961224673,cytotoxic,cytotoxic,9
-0.06715193265560733,cytotoxic,cytotoxic,10
-0.09152263599748355,cytotoxic,cytotoxic,11
-0.04791787023348933,cytotoxic,cytotoxic,12
-0.05687212243669371,cytotoxic,cytotoxic,13
-0.08178522780949149,cytotoxic,cytotoxic,14
-0.09132021708057629,cytotoxic,cytotoxic,15
-0.05687212243669371,cytotoxic,cytotoxic,16
-0.08178522780949149,cytotoxic,cytotoxic,17
-0.0948295961224673,cytotoxic,cytotoxic,18
-0.05687212243669371,cytotoxic,cytotoxic,19
-0.10103267223297355,cytotoxic,cytotoxic,20
-0.09026467215440602,cytotoxic,cytotoxic,21
-0.09132021708057629,cytotoxic,cytotoxic,22
-0.06457033807143107,cytotoxic,cytotoxic,23
-0.09026467215440602,cytotoxic,cytotoxic,24
-0.08178522780949149,cytotoxic,cytotoxic,25
-0.06457033807143107,cytotoxic,cytotoxic,26
-0.09132021708057629,cytotoxic,cytotoxic,27
-0.05687212243669371,cytotoxic,cytotoxic,28
-0.0948295961224673,cytotoxic,cytotoxic,29
-0.06715193265560733,cytotoxic,cytotoxic,30
-0.09152263599748355,cytotoxic,cytotoxic,31
-0.04791787023348933,cytotoxic,cytotoxic,32
-0.08178522780949149,cytotoxic,cytotoxic,33
-0.09026467215440602,cytotoxic,cytotoxic,34
-0.06457033807143107,cytotoxic,cytotoxic,35
-0.09152263599748355,cytotoxic,cytotoxic,36
-0.0948295961224673,cytotoxic,cytotoxic,37
-0.05687212243669371,cytotoxic,cytotoxic,38
-0.06457033807143107,cytotoxic,cytotoxic,39
-0.05687212243669371,cytotoxic,cytotoxic,40
-0.0948295961224673,cytotoxic,cytotoxic,41
-0.09026467215440602,cytotoxic,cytotoxic,42
-0.05687212243669371,cytotoxic,cytotoxic,43
-0.05687212243669371,cytotoxic,cytotoxic,44
-0.06715193265560733,cytotoxic,cytotoxic,45
-0.05687212243669371,cytotoxic,cytotoxic,46
-0.0948295961224673,cytotoxic,cytotoxic,47
-0.06715193265560733,cytotoxic,cytotoxic,48
-0.04791787023348933,cytotoxic,cytotoxic,49
-0.09132021708057629,cytotoxic,cytotoxic,50
-0.05687212243669371,cytotoxic,cytotoxic,51
-0.08178522780949149,cytotoxic,cytotoxic,52
-0.09152263599748355,cytotoxic,cytotoxic,53
-0.04791787023348933,cytotoxic,cytotoxic,54
-0.04791787023348933,cytotoxic,cytotoxic,55
-0.08178522780949149,cytotoxic,cytotoxic,56
-0.09152263599748355,cytotoxic,cytotoxic,57
-0.06457033807143107,cytotoxic,cytotoxic,58
-0.09026467215440602,cytotoxic,cytotoxic,59
-0.09132021708057629,cytotoxic,cytotoxic,60
-0.0948295961224673,cytotoxic,cytotoxic,61
-0.0948295961224673,cytotoxic,cytotoxic,62
-0.04791787023348933,cytotoxic,cytotoxic,63
-0.05687212243669371,cytotoxic,cytotoxic,64
-0.05687212243669371,cytotoxic,cytotoxic,65
-0.08178522780949149,cytotoxic,cytotoxic,66
-0.09026467215440602,cytotoxic,cytotoxic,67
-0.08178522780949149,cytotoxic,cytotoxic,68
-0.05687212243669371,cytotoxic,cytotoxic,69
-0.10103267223297355,cytotoxic,cytotoxic,70
-0.09132021708057629,cytotoxic,cytotoxic,71
-0.06457033807143107,cytotoxic,cytotoxic,72
-0.06715193265560733,cytotoxic,cytotoxic,73
-0.09132021708057629,cytotoxic,cytotoxic,74
-0.04791787023348933,cytotoxic,cytotoxic,75
-0.09026467215440602,cytotoxic,cytotoxic,76
-0.06457033807143107,cytotoxic,cytotoxic,77
-0.06715193265560733,cytotoxic,cytotoxic,78
-0.04791787023348933,cytotoxic,cytotoxic,79
-0.04791787023348933,cytotoxic,cytotoxic,80
-0.06457033807143107,cytotoxic,cytotoxic,81
-0.09026467215440602,cytotoxic,cytotoxic,82
-0.04791787023348933,cytotoxic,cytotoxic,83
-0.06457033807143107,cytotoxic,cytotoxic,84
-0.09026467215440602,cytotoxic,cytotoxic,85
-0.09026467215440602,cytotoxic,cytotoxic,86
-0.10103267223297355,cytotoxic,cytotoxic,87
-0.09026467215440602,cytotoxic,cytotoxic,88
-0.10103267223297355,cytotoxic,cytotoxic,89
-0.0948295961224673,cytotoxic,cytotoxic,90
-0.04791787023348933,cytotoxic,cytotoxic,91
-0.09152263599748355,cytotoxic,cytotoxic,92
-0.09152263599748355,cytotoxic,cytotoxic,93
-0.0948295961224673,cytotoxic,cytotoxic,94
-0.04791787023348933,cytotoxic,cytotoxic,95
-0.06715193265560733,cytotoxic,cytotoxic,96
-0.06715193265560733,cytotoxic,cytotoxic,97
-0.08178522780949149,cytotoxic,cytotoxic,98
-0.09026467215440602,cytotoxic,cytotoxic,99
-0.05687212243669371,cytotoxic,cytotoxic,100
-0.09132021708057629,cytotoxic,cytotoxic,101
-0.05687212243669371,cytotoxic,cytotoxic,102
-0.06715193265560733,cytotoxic,cytotoxic,103
-0.0948295961224673,cytotoxic,cytotoxic,104
-0.09026467215440602,cytotoxic,cytotoxic,105
-0.09152263599748355,cytotoxic,cytotoxic,106
-0.10103267223297355,cytotoxic,cytotoxic,107
-0.06715193265560733,cytotoxic,cytotoxic,108
-0.04791787023348933,cytotoxic,cytotoxic,109
-0.09026467215440602,cytotoxic,cytotoxic,110
-0.09152263599748355,cytotoxic,cytotoxic,111
-0.10103267223297355,cytotoxic,cytotoxic,112
-0.09152263599748355,cytotoxic,cytotoxic,113
-0.08178522780949149,cytotoxic,cytotoxic,114
-0.10103267223297355,cytotoxic,cytotoxic,115
-0.0948295961224673,cytotoxic,cytotoxic,116
-0.10103267223297355,cytotoxic,cytotoxic,117
-0.09026467215440602,cytotoxic,cytotoxic,118
-0.10103267223297355,cytotoxic,cytotoxic,119
-0.05687212243669371,cytotoxic,cytotoxic,120
-0.06715193265560733,cytotoxic,cytotoxic,121
-0.09152263599748355,cytotoxic,cytotoxic,122
-0.05687212243669371,cytotoxic,cytotoxic,123
-0.0948295961224673,cytotoxic,cytotoxic,124
-0.09132021708057629,cytotoxic,cytotoxic,125
-0.08178522780949149,cytotoxic,cytotoxic,126
-0.08178522780949149,cytotoxic,cytotoxic,127
-0.0948295961224673,cytotoxic,cytotoxic,128
-0.10103267223297355,cytotoxic,cytotoxic,129
-0.05687212243669371,cytotoxic,cytotoxic,130
-0.06715193265560733,cytotoxic,cytotoxic,131
-0.06715193265560733,cytotoxic,cytotoxic,132
-0.09152263599748355,cytotoxic,cytotoxic,133
-0.09132021708057629,cytotoxic,cytotoxic,134
-0.10103267223297355,cytotoxic,cytotoxic,135
-0.09132021708057629,cytotoxic,cytotoxic,136
-0.06715193265560733,cytotoxic,cytotoxic,137
-0.0948295961224673,cytotoxic,cytotoxic,138
-0.09026467215440602,cytotoxic,cytotoxic,139
-0.06457033807143107,cytotoxic,cytotoxic,140
-0.08178522780949149,cytotoxic,cytotoxic,141
-0.05687212243669371,cytotoxic,cytotoxic,142
-0.0948295961224673,cytotoxic,cytotoxic,143
-0.08178522780949149,cytotoxic,cytotoxic,144
-0.0948295961224673,cytotoxic,cytotoxic,145
-0.08178522780949149,cytotoxic,cytotoxic,146
-0.06715193265560733,cytotoxic,cytotoxic,147
-0.10103267223297355,cytotoxic,cytotoxic,148
-0.05687212243669371,cytotoxic,cytotoxic,149
-0.0948295961224673,cytotoxic,cytotoxic,150
-0.09132021708057629,cytotoxic,cytotoxic,151
-0.04791787023348933,cytotoxic,cytotoxic,152
-0.06715193265560733,cytotoxic,cytotoxic,153
-0.06715193265560733,cytotoxic,cytotoxic,154
-0.09026467215440602,cytotoxic,cytotoxic,155
-0.08178522780949149,cytotoxic,cytotoxic,156
-0.09026467215440602,cytotoxic,cytotoxic,157
-0.0948295961224673,cytotoxic,cytotoxic,158
-0.05687212243669371,cytotoxic,cytotoxic,159
-0.09026467215440602,cytotoxic,cytotoxic,160
-0.0948295961224673,cytotoxic,cytotoxic,161
-0.06715193265560733,cytotoxic,cytotoxic,162
-0.09026467215440602,cytotoxic,cytotoxic,163
-0.09152263599748355,cytotoxic,cytotoxic,164
-0.06715193265560733,cytotoxic,cytotoxic,165
-0.09132021708057629,cytotoxic,cytotoxic,166
-0.08178522780949149,cytotoxic,cytotoxic,167
-0.09026467215440602,cytotoxic,cytotoxic,168
-0.0948295961224673,cytotoxic,cytotoxic,169
-0.04791787023348933,cytotoxic,cytotoxic,170
-0.06457033807143107,cytotoxic,cytotoxic,171
-0.09152263599748355,cytotoxic,cytotoxic,172
-0.09152263599748355,cytotoxic,cytotoxic,173
-0.0948295961224673,cytotoxic,cytotoxic,174
-0.10103267223297355,cytotoxic,cytotoxic,175
-0.05687212243669371,cytotoxic,cytotoxic,176
-0.08178522780949149,cytotoxic,cytotoxic,177
-0.09132021708057629,cytotoxic,cytotoxic,178
-0.09026467215440602,cytotoxic,cytotoxic,179
-0.10103267223297355,cytotoxic,cytotoxic,180
-0.09132021708057629,cytotoxic,cytotoxic,181
-0.08178522780949149,cytotoxic,cytotoxic,182
-0.06457033807143107,cytotoxic,cytotoxic,183
-0.10103267223297355,cytotoxic,cytotoxic,184
-0.06457033807143107,cytotoxic,cytotoxic,185
-0.10103267223297355,cytotoxic,cytotoxic,186
-0.06457033807143107,cytotoxic,cytotoxic,187
-0.06457033807143107,cytotoxic,cytotoxic,188
-0.06457033807143107,cytotoxic,cytotoxic,189
-0.05687212243669371,cytotoxic,cytotoxic,190
-0.06457033807143107,cytotoxic,cytotoxic,191
-0.06715193265560733,cytotoxic,cytotoxic,192
-0.09132021708057629,cytotoxic,cytotoxic,193
-0.06457033807143107,cytotoxic,cytotoxic,194
-0.0948295961224673,cytotoxic,cytotoxic,195
-0.06457033807143107,cytotoxic,cytotoxic,196
-0.09132021708057629,cytotoxic,cytotoxic,197
-0.06457033807143107,cytotoxic,cytotoxic,198
-0.06457033807143107,cytotoxic,cytotoxic,199
-0.06715193265560733,cytotoxic,cytotoxic,200
-0.08178522780949149,cytotoxic,cytotoxic,201
-0.04791787023348933,cytotoxic,cytotoxic,202
-0.09152263599748355,cytotoxic,cytotoxic,203
-0.0948295961224673,cytotoxic,cytotoxic,204
-0.06715193265560733,cytotoxic,cytotoxic,205
-0.09026467215440602,cytotoxic,cytotoxic,206
-0.10103267223297355,cytotoxic,cytotoxic,207
-0.09152263599748355,cytotoxic,cytotoxic,208
-0.09152263599748355,cytotoxic,cytotoxic,209
-0.09152263599748355,cytotoxic,cytotoxic,210
-0.06715193265560733,cytotoxic,cytotoxic,211
-0.08178522780949149,cytotoxic,cytotoxic,212
-0.08178522780949149,cytotoxic,cytotoxic,213
-0.05687212243669371,cytotoxic,cytotoxic,214
-0.10103267223297355,cytotoxic,cytotoxic,215
-0.05687212243669371,cytotoxic,cytotoxic,216
-0.06715193265560733,cytotoxic,cytotoxic,217
-0.05687212243669371,cytotoxic,cytotoxic,218
-0.04791787023348933,cytotoxic,cytotoxic,219
-0.04791787023348933,cytotoxic,cytotoxic,220
-0.10103267223297355,cytotoxic,cytotoxic,221
-0.10103267223297355,cytotoxic,cytotoxic,222
-0.10103267223297355,cytotoxic,cytotoxic,223
-0.08178522780949149,cytotoxic,cytotoxic,224
-0.06457033807143107,cytotoxic,cytotoxic,225
-0.09152263599748355,cytotoxic,cytotoxic,226
-0.04791787023348933,cytotoxic,cytotoxic,227
-0.09026467215440602,cytotoxic,cytotoxic,228
-0.04791787023348933,cytotoxic,cytotoxic,229
-0.08178522780949149,cytotoxic,cytotoxic,230
-0.05687212243669371,cytotoxic,cytotoxic,231
-0.0948295961224673,cytotoxic,cytotoxic,232
-0.06715193265560733,cytotoxic,cytotoxic,233
-0.0948295961224673,cytotoxic,cytotoxic,234
-0.08178522780949149,cytotoxic,cytotoxic,235
-0.10103267223297355,cytotoxic,cytotoxic,236
-0.10103267223297355,cytotoxic,cytotoxic,237
-0.05687212243669371,cytotoxic,cytotoxic,238
-0.10103267223297355,cytotoxic,cytotoxic,239
-0.06457033807143107,cytotoxic,cytotoxic,240
-0.08178522780949149,cytotoxic,cytotoxic,241
-0.06715193265560733,cytotoxic,cytotoxic,242
-0.06715193265560733,cytotoxic,cytotoxic,243
-0.04791787023348933,cytotoxic,cytotoxic,244
-0.06715193265560733,cytotoxic,cytotoxic,245
-0.08178522780949149,cytotoxic,cytotoxic,246
-0.05687212243669371,cytotoxic,cytotoxic,247
-0.04791787023348933,cytotoxic,cytotoxic,248
-0.09152263599748355,cytotoxic,cytotoxic,249
-0.05687212243669371,cytotoxic,cytotoxic,250
-0.05687212243669371,cytotoxic,cytotoxic,251
-0.09026467215440602,cytotoxic,cytotoxic,252
-0.09026467215440602,cytotoxic,cytotoxic,253
-0.06457033807143107,cytotoxic,cytotoxic,254
-0.08178522780949149,cytotoxic,cytotoxic,255
-0.10103267223297355,cytotoxic,cytotoxic,256
-0.09152263599748355,cytotoxic,cytotoxic,257
-0.06715193265560733,cytotoxic,cytotoxic,258
-0.06457033807143107,cytotoxic,cytotoxic,259
-0.0948295961224673,cytotoxic,cytotoxic,260
-0.0948295961224673,cytotoxic,cytotoxic,261
-0.04791787023348933,cytotoxic,cytotoxic,262
-0.08178522780949149,cytotoxic,cytotoxic,263
-0.06715193265560733,cytotoxic,cytotoxic,264
-0.05687212243669371,cytotoxic,cytotoxic,265
-0.09152263599748355,cytotoxic,cytotoxic,266
-0.06715193265560733,cytotoxic,cytotoxic,267
-0.05687212243669371,cytotoxic,cytotoxic,268
-0.09132021708057629,cytotoxic,cytotoxic,269
-0.10103267223297355,cytotoxic,cytotoxic,270
-0.0948295961224673,cytotoxic,cytotoxic,271
-0.06457033807143107,cytotoxic,cytotoxic,272
-0.09026467215440602,cytotoxic,cytotoxic,273
-0.06457033807143107,cytotoxic,cytotoxic,274
-0.09152263599748355,cytotoxic,cytotoxic,275
-0.06457033807143107,cytotoxic,cytotoxic,276
-0.06457033807143107,cytotoxic,cytotoxic,277
-0.0948295961224673,cytotoxic,cytotoxic,278
-0.09026467215440602,cytotoxic,cytotoxic,279
-0.04791787023348933,cytotoxic,cytotoxic,280
-0.0948295961224673,cytotoxic,cytotoxic,281
-0.0948295961224673,cytotoxic,cytotoxic,282
-0.09152263599748355,cytotoxic,cytotoxic,283
-0.06457033807143107,cytotoxic,cytotoxic,284
-0.0948295961224673,cytotoxic,cytotoxic,285
-0.10103267223297355,cytotoxic,cytotoxic,286
-0.09152263599748355,cytotoxic,cytotoxic,287
-0.09132021708057629,cytotoxic,cytotoxic,288
-0.04791787023348933,cytotoxic,cytotoxic,289
-0.05687212243669371,cytotoxic,cytotoxic,290
-0.09026467215440602,cytotoxic,cytotoxic,291
-0.09026467215440602,cytotoxic,cytotoxic,292
-0.06715193265560733,cytotoxic,cytotoxic,293
-0.0948295961224673,cytotoxic,cytotoxic,294
-0.0948295961224673,cytotoxic,cytotoxic,295
-0.10103267223297355,cytotoxic,cytotoxic,296
-0.09152263599748355,cytotoxic,cytotoxic,297
-0.0948295961224673,cytotoxic,cytotoxic,298
-0.04791787023348933,cytotoxic,cytotoxic,299
-0.06768577136382914,caf,CAF,0
-0.08182558829060546,caf,CAF,1
-0.06536762531865467,caf,CAF,2
-0.0571081585327303,caf,CAF,3
-0.06768577136382914,caf,CAF,4
-0.07252202868313994,caf,CAF,5
-0.07422561695062879,caf,CAF,6
-0.083864640875461,caf,CAF,7
-0.09346202750103183,caf,CAF,8
-0.06536762531865467,caf,CAF,9
-0.07252202868313994,caf,CAF,10
-0.08791306895926168,caf,CAF,11
-0.08108050112812246,caf,CAF,12
-0.09961235029066617,caf,CAF,13
-0.07521214175623947,caf,CAF,14
-0.08182558829060546,caf,CAF,15
-0.06536762531865467,caf,CAF,16
-0.08441874049945951,caf,CAF,17
-0.06768577136382914,caf,CAF,18
-0.06536762531865467,caf,CAF,19
-0.08182558829060546,caf,CAF,20
-0.09346202750103183,caf,CAF,21
-0.07636491515740412,caf,CAF,22
-0.07223142758514553,caf,CAF,23
-0.07252202868313994,caf,CAF,24
-0.09961235029066617,caf,CAF,25
-0.08441874049945951,caf,CAF,26
-0.09346202750103183,caf,CAF,27
-0.08182558829060546,caf,CAF,28
-0.06768577136382914,caf,CAF,29
-0.06768577136382914,caf,CAF,30
-0.07941090834584322,caf,CAF,31
-0.07844223622387822,caf,CAF,32
-0.08507644645878379,caf,CAF,33
-0.07844223622387822,caf,CAF,34
-0.083864640875461,caf,CAF,35
-0.0821473027335339,caf,CAF,36
-0.10030116592987315,caf,CAF,37
-0.08891683650630894,caf,CAF,38
-0.0772525939215816,caf,CAF,39
-0.07636491515740412,caf,CAF,40
-0.08507644645878379,caf,CAF,41
-0.07263298918365363,caf,CAF,42
-0.0821473027335339,caf,CAF,43
-0.07844223622387822,caf,CAF,44
-0.07941090834584322,caf,CAF,45
-0.09961235029066617,caf,CAF,46
-0.06207876954986983,caf,CAF,47
-0.07941090834584322,caf,CAF,48
-0.10030116592987315,caf,CAF,49
-0.07252202868313994,caf,CAF,50
-0.07521214175623947,caf,CAF,51
-0.0626566257280533,caf,CAF,52
-0.06885158275577472,caf,CAF,53
-0.0571081585327303,caf,CAF,54
-0.07636491515740412,caf,CAF,55
-0.08734809263056023,caf,CAF,56
-0.0571081585327303,caf,CAF,57
-0.08507644645878379,caf,CAF,58
-0.0912271174146157,caf,CAF,59
-0.10229227602797891,caf,CAF,60
-0.08441874049945951,caf,CAF,61
-0.0772525939215816,caf,CAF,62
-0.07941090834584322,caf,CAF,63
-0.08507644645878379,caf,CAF,64
-0.0912271174146157,caf,CAF,65
-0.08441874049945951,caf,CAF,66
-0.0571081585327303,caf,CAF,67
-0.06768577136382914,caf,CAF,68
-0.0821473027335339,caf,CAF,69
-0.09166257340397067,caf,CAF,70
-0.08108050112812246,caf,CAF,71
-0.08108050112812246,caf,CAF,72
-0.06207876954986983,caf,CAF,73
-0.0626566257280533,caf,CAF,74
-0.08791306895926168,caf,CAF,75
-0.06768577136382914,caf,CAF,76
-0.10229227602797891,caf,CAF,77
-0.0821473027335339,caf,CAF,78
-0.06266215085265006,caf,CAF,79
-0.07263298918365363,caf,CAF,80
-0.06266215085265006,caf,CAF,81
-0.09961235029066617,caf,CAF,82
-0.09166257340397067,caf,CAF,83
-0.07941090834584322,caf,CAF,84
-0.07844223622387822,caf,CAF,85
-0.07521214175623947,caf,CAF,86
-0.08507644645878379,caf,CAF,87
-0.0912271174146157,caf,CAF,88
-0.07422561695062879,caf,CAF,89
-0.08182558829060546,caf,CAF,90
-0.09079610870736503,caf,CAF,91
-0.08507644645878379,caf,CAF,92
-0.06207876954986983,caf,CAF,93
-0.083864640875461,caf,CAF,94
-0.07521214175623947,caf,CAF,95
-0.10030116592987315,caf,CAF,96
-0.0571081585327303,caf,CAF,97
-0.07495980950116264,caf,CAF,98
-0.06885158275577472,caf,CAF,99
-0.09346202750103183,caf,CAF,100
-0.09961235029066617,caf,CAF,101
-0.10030116592987315,caf,CAF,102
-0.07789824570264764,caf,CAF,103
-0.09079610870736503,caf,CAF,104
-0.06266215085265006,caf,CAF,105
-0.083864640875461,caf,CAF,106
-0.09166257340397067,caf,CAF,107
-0.083864640875461,caf,CAF,108
-0.0571081585327303,caf,CAF,109
-0.0821473027335339,caf,CAF,110
-0.0626566257280533,caf,CAF,111
-0.06207876954986983,caf,CAF,112
-0.0626566257280533,caf,CAF,113
-0.06207876954986983,caf,CAF,114
-0.07844223622387822,caf,CAF,115
-0.07636491515740412,caf,CAF,116
-0.08472718433578598,caf,CAF,117
-0.06885158275577472,caf,CAF,118
-0.10229227602797891,caf,CAF,119
-0.09166257340397067,caf,CAF,120
-0.09166257340397067,caf,CAF,121
-0.07844223622387822,caf,CAF,122
-0.07521214175623947,caf,CAF,123
-0.09961235029066617,caf,CAF,124
-0.08791306895926168,caf,CAF,125
-0.07521214175623947,caf,CAF,126
-0.09961235029066617,caf,CAF,127
-0.07263298918365363,caf,CAF,128
-0.0626566257280533,caf,CAF,129
-0.08891683650630894,caf,CAF,130
-0.07252202868313994,caf,CAF,131
-0.08182558829060546,caf,CAF,132
-0.0912271174146157,caf,CAF,133
-0.10229227602797891,caf,CAF,134
-0.10229227602797891,caf,CAF,135
-0.0821473027335339,caf,CAF,136
-0.07636491515740412,caf,CAF,137
-0.083864640875461,caf,CAF,138
-0.06768577136382914,caf,CAF,139
-0.06266215085265006,caf,CAF,140
-0.08472718433578598,caf,CAF,141
-0.07252202868313994,caf,CAF,142
-0.09961235029066617,caf,CAF,143
-0.06266215085265006,caf,CAF,144
-0.0772525939215816,caf,CAF,145
-0.0626566257280533,caf,CAF,146
-0.10030116592987315,caf,CAF,147
-0.06536762531865467,caf,CAF,148
-0.06266215085265006,caf,CAF,149
-0.083864640875461,caf,CAF,150
-0.09961235029066617,caf,CAF,151
-0.10229227602797891,caf,CAF,152
-0.08108050112812246,caf,CAF,153
-0.08441874049945951,caf,CAF,154
-0.07789824570264764,caf,CAF,155
-0.08472718433578598,caf,CAF,156
-0.07844223622387822,caf,CAF,157
-0.10229227602797891,caf,CAF,158
-0.07263298918365363,caf,CAF,159
-0.083864640875461,caf,CAF,160
-0.06768577136382914,caf,CAF,161
-0.07521214175623947,caf,CAF,162
-0.06885158275577472,caf,CAF,163
-0.09961235029066617,caf,CAF,164
-0.06885158275577472,caf,CAF,165
-0.08182558829060546,caf,CAF,166
-0.08182558829060546,caf,CAF,167
-0.10229227602797891,caf,CAF,168
-0.07636491515740412,caf,CAF,169
-0.08891683650630894,caf,CAF,170
-0.06266215085265006,caf,CAF,171
-0.07636491515740412,caf,CAF,172
-0.07263298918365363,caf,CAF,173
-0.07844223622387822,caf,CAF,174
-0.07422561695062879,caf,CAF,175
-0.07636491515740412,caf,CAF,176
-0.07495980950116264,caf,CAF,177
-0.07223142758514553,caf,CAF,178
-0.08441874049945951,caf,CAF,179
-0.06768577136382914,caf,CAF,180
-0.10229227602797891,caf,CAF,181
-0.08891683650630894,caf,CAF,182
-0.06885158275577472,caf,CAF,183
-0.09961235029066617,caf,CAF,184
-0.06207876954986983,caf,CAF,185
-0.07789824570264764,caf,CAF,186
-0.08507644645878379,caf,CAF,187
-0.0626566257280533,caf,CAF,188
-0.07422561695062879,caf,CAF,189
-0.09346202750103183,caf,CAF,190
-0.08891683650630894,caf,CAF,191
-0.07521214175623947,caf,CAF,192
-0.08734809263056023,caf,CAF,193
-0.0626566257280533,caf,CAF,194
-0.06266215085265006,caf,CAF,195
-0.08891683650630894,caf,CAF,196
-0.06768577136382914,caf,CAF,197
-0.06266215085265006,caf,CAF,198
-0.06536762531865467,caf,CAF,199
-0.07844223622387822,caf,CAF,200
-0.08791306895926168,caf,CAF,201
-0.0571081585327303,caf,CAF,202
-0.06536762531865467,caf,CAF,203
-0.06207876954986983,caf,CAF,204
-0.08891683650630894,caf,CAF,205
-0.09961235029066617,caf,CAF,206
-0.07422561695062879,caf,CAF,207
-0.08472718433578598,caf,CAF,208
-0.06768577136382914,caf,CAF,209
-0.09346202750103183,caf,CAF,210
-0.0912271174146157,caf,CAF,211
-0.0626566257280533,caf,CAF,212
-0.0626566257280533,caf,CAF,213
-0.08891683650630894,caf,CAF,214
-0.08108050112812246,caf,CAF,215
-0.0821473027335339,caf,CAF,216
-0.09961235029066617,caf,CAF,217
-0.07844223622387822,caf,CAF,218
-0.07223142758514553,caf,CAF,219
-0.0821473027335339,caf,CAF,220
-0.08472718433578598,caf,CAF,221
-0.07263298918365363,caf,CAF,222
-0.10030116592987315,caf,CAF,223
-0.08791306895926168,caf,CAF,224
-0.0772525939215816,caf,CAF,225
-0.07789824570264764,caf,CAF,226
-0.06266215085265006,caf,CAF,227
-0.07263298918365363,caf,CAF,228
-0.10030116592987315,caf,CAF,229
-0.09961235029066617,caf,CAF,230
-0.06536762531865467,caf,CAF,231
-0.08507644645878379,caf,CAF,232
-0.08791306895926168,caf,CAF,233
-0.06207876954986983,caf,CAF,234
-0.07252202868313994,caf,CAF,235
-0.06266215085265006,caf,CAF,236
-0.08108050112812246,caf,CAF,237
-0.08108050112812246,caf,CAF,238
-0.07223142758514553,caf,CAF,239
-0.09079610870736503,caf,CAF,240
-0.08507644645878379,caf,CAF,241
-0.07521214175623947,caf,CAF,242
-0.07521214175623947,caf,CAF,243
-0.07941090834584322,caf,CAF,244
-0.07422561695062879,caf,CAF,245
-0.083864640875461,caf,CAF,246
-0.08182558829060546,caf,CAF,247
-0.07495980950116264,caf,CAF,248
-0.08441874049945951,caf,CAF,249
-0.08441874049945951,caf,CAF,250
-0.08108050112812246,caf,CAF,251
-0.08441874049945951,caf,CAF,252
-0.08507644645878379,caf,CAF,253
-0.09346202750103183,caf,CAF,254
-0.08472718433578598,caf,CAF,255
-0.06885158275577472,caf,CAF,256
-0.07252202868313994,caf,CAF,257
-0.07252202868313994,caf,CAF,258
-0.07789824570264764,caf,CAF,259
-0.0912271174146157,caf,CAF,260
-0.0821473027335339,caf,CAF,261
-0.08891683650630894,caf,CAF,262
-0.07263298918365363,caf,CAF,263
-0.09346202750103183,caf,CAF,264
-0.07941090834584322,caf,CAF,265
-0.08734809263056023,caf,CAF,266
-0.08891683650630894,caf,CAF,267
-0.0821473027335339,caf,CAF,268
-0.083864640875461,caf,CAF,269
-0.06207876954986983,caf,CAF,270
-0.08108050112812246,caf,CAF,271
-0.08108050112812246,caf,CAF,272
-0.0626566257280533,caf,CAF,273
-0.06768577136382914,caf,CAF,274
-0.08507644645878379,caf,CAF,275
-0.07252202868313994,caf,CAF,276
-0.07789824570264764,caf,CAF,277
-0.08791306895926168,caf,CAF,278
-0.09079610870736503,caf,CAF,279
-0.08891683650630894,caf,CAF,280
-0.06536762531865467,caf,CAF,281
-0.06536762531865467,caf,CAF,282
-0.083864640875461,caf,CAF,283
-0.0772525939215816,caf,CAF,284
-0.09166257340397067,caf,CAF,285
-0.07223142758514553,caf,CAF,286
-0.06266215085265006,caf,CAF,287
-0.07495980950116264,caf,CAF,288
-0.07844223622387822,caf,CAF,289
-0.083864640875461,caf,CAF,290
-0.09961235029066617,caf,CAF,291
-0.06768577136382914,caf,CAF,292
-0.08791306895926168,caf,CAF,293
-0.07636491515740412,caf,CAF,294
-0.06207876954986983,caf,CAF,295
-0.07422561695062879,caf,CAF,296
-0.07252202868313994,caf,CAF,297
-0.0821473027335339,caf,CAF,298
-0.0821473027335339,caf,CAF,299
